Year_name,NG_extraction,Wind_PP,Hydro_PP
2021,1695139171.7577055,246839511.11838093,554897232.2537643
