Year_name,Geo_PP,Solar_PP
2021,16816356.806358643,28317559.25735901
